"DateTime","Estimated TWh per Year","Minimum TWh per Year"
"2017-05-20 00:00:00",2.3383036764327807,2.1312053255202463
"2017-05-21 00:00:00",2.3319358819865124,2.229735422946761
"2017-05-22 00:00:00",2.4067764690676676,2.2754841222106506
"2017-05-23 00:00:00",2.4791159523896424,2.2271126130476415
"2017-05-24 00:00:00",2.5580652287848724,2.2593072839281376
"2017-05-25 00:00:00",2.646792663129325,2.2647283836091336
"2017-05-26 00:00:00",2.594668864738181,2.2650163536305294
"2017-05-27 00:00:00",2.405446577838958,2.3372354685681396
"2017-05-28 00:00:00",2.4767097746138966,2.3244899494776257
"2017-05-29 00:00:00",2.5541418563282843,2.4206116786332057
"2017-05-30 00:00:00",2.6402666753999724,2.575045499795247
"2017-05-31 00:00:00",2.730854386960729,2.6202933229866012
"2017-06-01 00:00:00",2.826686671437154,2.6261090228065394
"2017-06-02 00:00:00",2.9077771410466062,2.704774783469041
"2017-06-03 00:00:00",2.9811396085965463,2.679535512700788
"2017-06-04 00:00:00",3.064259803506514,2.7973964515995657
"2017-06-05 00:00:00",3.1448048841941976,2.8191954311170058
"2017-06-06 00:00:00",3.2373699483733156,2.9049622356980542
"2017-06-07 00:00:00",3.3234332365498864,2.9791145990761403
"2017-06-08 00:00:00",3.413413525916558,3.0539394074850983
"2017-06-09 00:00:00",3.5064845637046838,3.0459744630806043
"2017-06-10 00:00:00",3.610107043867631,3.1402997295269883
"2017-06-11 00:00:00",3.723905338787496,3.2524852395646775
"2017-06-12 00:00:00",3.797648628844565,3.264021417765407
"2017-06-13 00:00:00",3.7279297466578174,3.3439213713916143
"2017-06-14 00:00:00",3.720722640073747,3.444172561994591
"2017-06-15 00:00:00",3.7033636154916554,3.4990387766218185
"2017-06-16 00:00:00",3.5997424481307125,3.5521715046536837
"2017-06-17 00:00:00",3.7411621041226777,3.710890995936882
"2017-06-18 00:00:00",3.8602096229819507,3.7486232277661955
"2017-06-19 00:00:00",3.969327085229178,3.7874784141413844
"2017-06-20 00:00:00",4.093115521220551,3.8545251458616114
"2017-06-21 00:00:00",4.179562148717201,3.941545662749261
"2017-06-22 00:00:00",4.259887252262286,3.9204040353961997
"2017-06-23 00:00:00",4.275458639056635,3.952378805965853
"2017-06-24 00:00:00",4.20576097385062,4.025810750450564
"2017-06-25 00:00:00",4.2478441067855774,4.097769129758684
"2017-06-26 00:00:00",4.280749214621793,4.16841120887663
"2017-06-27 00:00:00",4.311585013812562,4.230870919740707
"2017-06-28 00:00:00",4.339531991413392,4.3305088920110375
"2017-06-29 00:00:00",4.402986824661778,4.386876372202908
"2017-06-30 00:00:00",4.412059266329677,4.412059266329677
"2017-07-01 00:00:00",4.428560713705029,4.428560713705029
"2017-07-02 00:00:00",4.470532744460946,4.470532744460946
"2017-07-03 00:00:00",4.503891803122939,4.503891803122939
"2017-07-04 00:00:00",4.551541854310137,4.551541854310137
"2017-07-05 00:00:00",4.603850651953306,4.603850651953306
"2017-07-06 00:00:00",4.685427549248329,4.685427549248329
"2017-07-07 00:00:00",4.72031575240221,4.72031575240221
"2017-07-08 00:00:00",4.751416039253544,4.751416039253544
"2017-07-09 00:00:00",4.806605584568854,4.806605584568854
"2017-07-10 00:00:00",4.843731355837168,4.843731355837168
"2017-07-11 00:00:00",4.8595720805216365,4.8595720805216365
"2017-07-12 00:00:00",4.834840314174418,4.834840314174418
"2017-07-13 00:00:00",4.840132575795021,4.840132575795021
"2017-07-14 00:00:00",4.833023551509716,4.833023551509716
"2017-07-15 00:00:00",4.803703789111386,4.803703789111386
"2017-07-16 00:00:00",4.76671598665827,4.76671598665827
"2017-07-17 00:00:00",4.749909101968513,4.749909101968513
"2017-07-18 00:00:00",4.7294851887005205,4.7294851887005205
"2017-07-19 00:00:00",4.710512880280351,4.710512880280351
"2017-07-20 00:00:00",4.703696298808982,4.703696298808982
"2017-07-21 00:00:00",4.707310940590825,4.707310940590825
"2017-07-22 00:00:00",4.690474705074602,4.690474705074602
"2017-07-23 00:00:00",4.676305646081914,4.676305646081914
"2017-07-24 00:00:00",4.675493444773174,4.675493444773174
"2017-07-25 00:00:00",4.7303049507797565,4.7303049507797565
"2017-07-26 00:00:00",4.744228809356294,4.744228809356294
"2017-07-27 00:00:00",4.7851685907172845,4.7851685907172845
"2017-07-28 00:00:00",4.809768098380049,4.809768098380049
"2017-07-29 00:00:00",4.830499391209457,4.830499391209457
"2017-07-30 00:00:00",4.853878434853004,4.853878434853004
"2017-07-31 00:00:00",4.887976881211053,4.887976881211053
"2017-08-01 00:00:00",4.9197744917143575,4.9197744917143575
"2017-08-02 00:00:00",4.889810866115806,4.889810866115806
"2017-08-03 00:00:00",4.838633991237206,4.838633991237206
"2017-08-04 00:00:00",4.84,4.84
"2017-08-05 00:00:00",4.852393321661413,4.852393321661413
"2017-08-06 00:00:00",4.796543686094652,4.796543686094652
"2017-08-07 00:00:00",4.762762796452928,4.762762796452928
"2017-08-08 00:00:00",4.754496175931627,4.754496175931627
"2017-08-09 00:00:00",4.731194093620309,4.731194093620309
"2017-08-10 00:00:00",4.73400000998957,4.73400000998957
"2017-08-11 00:00:00",4.710804649885163,4.710804649885163
"2017-08-12 00:00:00",4.693758450241963,4.693758450241963
"2017-08-13 00:00:00",4.670178915078541,4.670178915078541
"2017-08-14 00:00:00",4.654739542970714,4.654739542970714
"2017-08-15 00:00:00",4.700600937111816,4.700600937111816
"2017-08-16 00:00:00",4.7268138951997765,4.7268138951997765
"2017-08-17 00:00:00",4.75,4.75
"2017-08-18 00:00:00",4.788302893129258,4.788302893129258
"2017-08-19 00:00:00",4.870241654446301,4.870241654446301
"2017-08-20 00:00:00",4.907628335417054,4.907628335417054
"2017-08-21 00:00:00",4.935898541493139,4.935898541493139
"2017-08-22 00:00:00",4.9751645393689605,4.9751645393689605
"2017-08-23 00:00:00",5.007083634135203,5.007083634135203
"2017-08-24 00:00:00",5.058159453112673,5.058159453112673
"2017-08-25 00:00:00",5.1132684675618965,5.1132684675618965
"2017-08-26 00:00:00",5.112862741974871,5.112862741974871
"2017-08-27 00:00:00",5.087907653137141,5.087907653137141
"2017-08-28 00:00:00",5.061299626618703,5.061299626618703
"2017-08-29 00:00:00",5.031147041830843,5.031147041830843
"2017-08-30 00:00:00",5.0133707877460205,5.0133707877460205
"2017-08-31 00:00:00",4.979932313851779,4.979932313851779
"2017-09-01 00:00:00",4.958155193150703,4.958155193150703
"2017-09-02 00:00:00",4.933731895248935,4.933731895248935
"2017-09-03 00:00:00",4.894696513611017,4.894696513611017
"2017-09-04 00:00:00",4.859700449250264,4.859700449250264
"2017-09-05 00:00:00",4.82287690373122,4.82287690373122
"2017-09-06 00:00:00",4.7802341080923485,4.7802341080923485
"2017-09-07 00:00:00",4.731589532317731,4.731589532317731
"2017-09-08 00:00:00",4.753140801119867,4.753140801119867
"2017-09-09 00:00:00",4.76626509435566,4.76626509435566
"2017-09-10 00:00:00",4.785301022235828,4.785301022235828
"2017-09-11 00:00:00",4.821213995051991,4.821213995051991
"2017-09-12 00:00:00",4.847920237295468,4.847920237295468
"2017-09-13 00:00:00",4.883728150072709,4.883728150072709
"2017-09-14 00:00:00",4.895908541162,4.895908541162
"2017-09-15 00:00:00",4.9140294424409845,4.9140294424409845
"2017-09-16 00:00:00",4.939625355621611,4.939625355621611
"2017-09-17 00:00:00",4.958438618103361,4.958438618103361
"2017-09-18 00:00:00",4.98333533973796,4.98333533973796
"2017-09-19 00:00:00",5.014094874101378,5.014094874101378
"2017-09-20 00:00:00",5.0387931625880675,5.0387931625880675
"2017-09-21 00:00:00",5.050993608811361,5.050993608811361
"2017-09-22 00:00:00",5.076871281704713,5.076871281704713
"2017-09-23 00:00:00",5.070586932307646,5.070586932307646
"2017-09-24 00:00:00",5.010829314584954,5.010829314584954
"2017-09-25 00:00:00",4.94905134484346,4.94905134484346
"2017-09-26 00:00:00",4.892563485628627,4.892563485628627
"2017-09-27 00:00:00",4.825291582346939,4.825291582346939
"2017-09-28 00:00:00",4.771811615130335,4.771811615130335
"2017-09-29 00:00:00",4.707192199838777,4.707192199838777
"2017-09-30 00:00:00",4.6412484696834655,4.6412484696834655
"2017-10-01 00:00:00",4.573287796470777,4.573287796470777
"2017-10-02 00:00:00",4.500030942360599,4.500030942360599
"2017-10-03 00:00:00",4.431361601351355,4.431361601351355
"2017-10-04 00:00:00",4.353167849971622,4.353167849971622
"2017-10-05 00:00:00",4.289033359993575,4.289033359993575
"2017-10-06 00:00:00",4.262728543395137,4.262728543395137
"2017-10-07 00:00:00",4.276002340130564,4.276002340130564
"2017-10-08 00:00:00",4.283129579086441,4.283129579086441
"2017-10-09 00:00:00",4.293989092726675,4.293989092726675
"2017-10-10 00:00:00",4.32160710030447,4.32160710030447
"2017-10-11 00:00:00",4.323231099069523,4.323231099069523
"2017-10-12 00:00:00",4.345141633666548,4.345141633666548
"2017-10-13 00:00:00",4.363375688356267,4.363375688356267
"2017-10-14 00:00:00",4.387798416921275,4.387798416921275
"2017-10-15 00:00:00",4.412675480317326,4.412675480317326
"2017-10-16 00:00:00",4.428373308800751,4.428373308800751
"2017-10-17 00:00:00",4.539229035561813,4.539229035561813
"2017-10-18 00:00:00",4.92507713245453,4.92507713245453
"2017-10-19 00:00:00",5.326147452139314,5.326147452139314
"2017-10-20 00:00:00",5.747775741731055,5.747775741731055
"2017-10-21 00:00:00",6.181089807925598,6.181089807925598
"2017-10-22 00:00:00",6.581258148809049,6.581258148809049
"2017-10-23 00:00:00",7.00393279497652,7.00393279497652
"2017-10-24 00:00:00",7.4189923902427415,7.4189923902427415
"2017-10-25 00:00:00",7.830029867222289,7.830029867222289
"2017-10-26 00:00:00",8.24564260960923,8.24564260960923
"2017-10-27 00:00:00",8.626154239175644,8.325123765061148
"2017-10-28 00:00:00",9.076256775403413,8.527086170076233
"2017-10-29 00:00:00",9.196264138916234,8.72978520105691
"2017-10-30 00:00:00",9.256343396266747,8.293875801305468
"2017-10-31 00:00:00",9.3351831307545,8.386274641333882
"2017-11-01 00:00:00",9.37646048854303,8.636050410046535
"2017-11-02 00:00:00",9.420172072325549,8.278854304241952
"2017-11-03 00:00:00",9.43749943561816,8.180801576063402
"2017-11-04 00:00:00",9.505700879722434,8.119017418173682
"2017-11-05 00:00:00",9.553048279559315,8.263932667528877
"2017-11-06 00:00:00",9.603916526927673,8.252663601102117
"2017-11-07 00:00:00",9.627722555515662,8.128718958032914
"2017-11-08 00:00:00",9.683620659690932,8.371883457771183
"2017-11-09 00:00:00",9.763040104249328,8.189257037869929
"2017-11-10 00:00:00",9.787091113441505,8.256983414282036
"2017-11-11 00:00:00",9.75846041135113,8.340768819385914
"2017-11-12 00:00:00",9.885068051898246,8.565165925479471
"2017-11-13 00:00:00",9.96879675542221,8.39660298478395
"2017-11-14 00:00:00",9.994483320495737,8.323055387661325
"2017-11-15 00:00:00",10.054802043461567,8.231530192964387
"2017-11-16 00:00:00",10.125021526090558,8.054330264367087
"2017-11-17 00:00:00",10.175753798062408,8.068490116131839
"2017-11-18 00:00:00",10.248807909578963,7.9959577696303334
"2017-11-19 00:00:00",10.260644650740739,8.103613293746923
"2017-11-20 00:00:00",10.334263201586724,8.524565319671158
"2017-11-21 00:00:00",10.397616496927226,8.463685150434646
"2017-11-22 00:00:00",10.417121912546877,8.422184643325036
"2017-11-23 00:00:00",10.472890522652769,8.74067329607822
"2017-11-24 00:00:00",10.583255477472653,8.865297629949435
"2017-11-25 00:00:00",10.585895213996492,8.962789247803796
"2017-11-26 00:00:00",10.64495139500054,8.941704635134174
"2017-11-27 00:00:00",10.729059777019145,8.856144016140524
"2017-11-28 00:00:00",10.795055420036052,8.656364307329621
"2017-11-29 00:00:00",10.850892597039932,8.725104268228437
"2017-11-30 00:00:00",10.889718914208887,8.883950793964754
"2017-12-01 00:00:00",10.960318003909762,8.80690642245838
"2017-12-02 00:00:00",11.020268870935778,8.913629899505889
"2017-12-03 00:00:00",11.047003056749531,8.613519902577863
"2017-12-04 00:00:00",11.074726881904649,8.586409102225376
"2017-12-05 00:00:00",11.094816502806003,8.283658149167767
"2017-12-06 00:00:00",11.064978502952696,8.237759143115252
"2017-12-07 00:00:00",11.058853204373465,8.31301422476295
"2017-12-08 00:00:00",11.086614741045645,8.686289153073412
"2017-12-09 00:00:00",11.030725342114193,8.646284710441991
"2017-12-10 00:00:00",11.10066127718487,8.618181443267789
"2017-12-11 00:00:00",11.072281396514207,8.633970358811874
"2017-12-12 00:00:00",11.140069274697652,8.613149153495629
"2017-12-13 00:00:00",11.176043341699215,8.79376779031412
"2017-12-16 00:00:00",11.712966076207028,9.460688536955876
"2017-12-17 00:00:00",11.712966076207028,9.412753842434173
"2017-12-18 00:00:00",11.726155807999994,9.479318416188448
"2017-12-19 00:00:00",11.656981436306827,9.263010730290247
"2017-12-20 00:00:00",11.349830895921484,9.088324019935444
"2017-12-21 00:00:00",11.059773624195875,9.184978796756024
"2017-12-22 00:00:00",10.890148582753719,9.078025642454788
"2017-12-23 00:00:00",10.54625979210907,9.393803787335578
"2017-12-24 00:00:00",10.20532814287363,9.730976805318075
"2017-12-25 00:00:00",9.877678087908471,9.877678087908471
"2017-12-26 00:00:00",9.646253443745179,9.646253443745179
"2017-12-27 00:00:00",9.467532493766768,9.467532493766768
"2017-12-28 00:00:00",9.491567634106813,9.491567634106813
"2017-12-29 00:00:00",9.478575180248564,9.478575180248564
"2017-12-30 00:00:00",9.505283960586148,9.505283960586148
"2017-12-31 00:00:00",9.556106502653906,9.556106502653906
"2018-01-01 00:00:00",9.611465474275736,9.611465474275736
"2018-01-02 00:00:00",9.699422627078498,9.699422627078498
"2018-01-03 00:00:00",9.770132925476156,9.770132925476156
"2018-01-04 00:00:00",9.847217634357518,9.696404608297655
"2018-01-05 00:00:00",9.948720597861133,9.691868695198531
"2018-01-06 00:00:00",10.030238988935851,9.598958323851432
"2018-01-07 00:00:00",10.14506702942279,9.811489987835001
"2018-01-08 00:00:00",10.265125233427835,10.065022359720478
"2018-01-09 00:00:00",10.395138199069407,10.04298694892144
"2018-01-10 00:00:00",10.532565398190066,9.97102802442226
"2018-01-11 00:00:00",10.657546373872036,10.398335160763656
"2018-01-12 00:00:00",10.664172228084317,10.397730612573582
"2018-01-13 00:00:00",10.934216082939184,10.62253663053334
"2018-01-14 00:00:00",11.098691381349123,10.748280973830855
"2018-01-15 00:00:00",11.235545045653664,10.808763228907509
"2018-01-16 00:00:00",11.34572221719644,10.879638816287109
"2018-01-17 00:00:00",11.440563174978012,11.125229408010822
"2018-01-18 00:00:00",11.546578113648904,11.243441859600605
"2018-01-19 00:00:00",11.652249381937304,11.300870558951553
"2018-01-20 00:00:00",11.768520263337427,11.693858038862322
"2018-01-21 00:00:00",11.904020600619605,11.904020600619605
"2018-01-22 00:00:00",12.007010176028556,12.007010176028556
"2018-01-23 00:00:00",12.10394784932982,12.10394784932982
"2018-01-24 00:00:00",12.207542052175848,12.207542052175848
"2018-01-25 00:00:00",12.31499042545545,12.31499042545545
"2018-01-26 00:00:00",12.420061444602405,12.420061444602405
"2018-01-27 00:00:00",12.530389467861765,12.428795190520708
"2018-01-28 00:00:00",12.683071902719911,12.405959410550565
"2018-01-29 00:00:00",12.786773476609703,12.786773476609703
"2018-01-30 00:00:00",12.915221206287702,12.698226177356071
"2018-01-31 00:00:00",13.026643562294117,12.835155391852417
"2018-02-01 00:00:00",13.133568648977679,13.078381936881035
"2018-02-02 00:00:00",13.222008226962304,13.222008226962304
"2018-02-03 00:00:00",13.311256691331755,13.311256691331755
"2018-02-04 00:00:00",13.43115638355557,13.43115638355557
"2018-02-05 00:00:00",13.501037097274265,13.501037097274265
"2018-02-06 00:00:00",13.565814027177714,13.565814027177714
"2018-02-07 00:00:00",13.642269654004892,13.642269654004892
"2018-02-08 00:00:00",13.624160414699993,13.624160414699993
"2018-02-09 00:00:00",13.610350617985079,13.610350617985079
"2018-02-10 00:00:00",13.5975082460025,13.5975082460025
"2018-02-11 00:00:00",13.581151394877638,13.581151394877638
"2018-02-12 00:00:00",13.56870215724949,13.56870215724949
"2018-02-13 00:00:00",13.646245897282398,13.646245897282398
"2018-02-14 00:00:00",13.729491449517262,13.729491449517262
"2018-02-15 00:00:00",13.816744222850176,13.816744222850176
"2018-02-16 00:00:00",13.9356509402266,13.9356509402266
"2018-02-17 00:00:00",14.026648448661264,14.026648448661264
"2018-02-18 00:00:00",14.113662491175939,14.113662491175939
"2018-02-19 00:00:00",14.201828993962629,14.201828993962629
"2018-02-20 00:00:00",14.288015473910754,13.928792211054516
"2018-02-21 00:00:00",14.399217222071405,13.546027061884867
"2018-02-22 00:00:00",14.473954313139032,14.00686875952901
"2018-02-23 00:00:00",14.552333307432853,13.87892749198427
"2018-02-24 00:00:00",14.628707411914798,14.044161528005699
"2018-02-25 00:00:00",14.705266847630929,14.501405754278254
"2018-02-26 00:00:00",14.784173800185252,14.222289721108941
"2018-02-27 00:00:00",14.899115794693342,13.894454444605355
"2018-02-28 00:00:00",14.978801272412115,14.242688891098345
"2018-03-01 00:00:00",15.058475280903771,14.467321028811675
"2018-03-02 00:00:00",15.137260963177116,14.160274468496395
"2018-03-03 00:00:00",15.215896069276209,14.671169499389862
"2018-03-04 00:00:00",15.2939837656954,14.596521979031513
"2018-03-05 00:00:00",15.40724697872645,14.486518245483982
"2018-03-06 00:00:00",15.48223834113473,14.384568333782651
"2018-03-07 00:00:00",15.550662274906363,14.49118353446422
"2018-03-08 00:00:00",15.61451282651312,14.74086325592072
"2018-03-09 00:00:00",15.67438726556327,14.439064763052743
"2018-03-10 00:00:00",15.73648994098418,14.345908839040181
"2018-03-11 00:00:00",15.834163413777853,14.279433031896483
"2018-03-12 00:00:00",15.895903862481298,14.340830244802493
"2018-03-13 00:00:00",15.955955018717505,14.308570989686736
"2018-03-14 00:00:00",16.010247387888054,14.120895937566893
"2018-03-15 00:00:00",16.06034275904179,14.08854207892362
"2018-03-16 00:00:00",16.111169117718013,14.682172514390663
"2018-03-17 00:00:00",16.19497762553631,14.509207147121195
"2018-03-18 00:00:00",16.235366889038,14.633801736519557
"2018-03-19 00:00:00",16.27876967597612,14.769729066135776
"2018-03-20 00:00:00",16.322793386046932,14.642370208054762
"2018-03-21 00:00:00",16.36772862435303,14.539510255955223
"2018-03-22 00:00:00",16.412788376597884,14.390449024693961
"2018-03-23 00:00:00",16.49212800228099,14.52694209515166
"2018-03-24 00:00:00",16.53311598606249,14.337852588033172
"2018-03-25 00:00:00",16.57638877684645,14.570883896852864
"2018-03-26 00:00:00",16.614775105475918,14.675791172639741
"2018-03-27 00:00:00",16.64925871957922,14.347692008477722
"2018-03-28 00:00:00",16.68308310977992,14.202200970401197
"2018-03-29 00:00:00",16.750192835923208,13.962176115678163
"2018-03-30 00:00:00",16.77761937202438,13.985491585484851
"2018-03-31 00:00:00",16.805984358697497,13.95436393064109
"2018-04-01 00:00:00",16.832220454941492,14.205374563535434
"2018-04-02 00:00:00",16.85917579385025,14.04920978587058
"2018-04-03 00:00:00",16.888185984295706,13.73524123402701
"2018-04-04 00:00:00",16.9537220069515,13.73657812698612
"2018-04-05 00:00:00",16.980041828014357,13.688287552657092
"2018-04-06 00:00:00",17.00547811336866,14.002575012959241
"2018-04-07 00:00:00",17.03231547220468,14.047533841769198
"2018-04-08 00:00:00",17.060745044204136,13.867434611721675
"2018-04-09 00:00:00",17.089556007738324,13.311324077327903
"2018-04-10 00:00:00",17.158178887061453,13.393382526551614
"2018-04-11 00:00:00",17.189202710701352,13.39693335784305
"2018-04-12 00:00:00",17.224256382200092,13.178377978526383
"2018-04-13 00:00:00",17.26404945297269,12.954816593399572
"2018-04-14 00:00:00",17.303626229333524,13.12232918321718
"2018-04-15 00:00:00",17.34514240972611,13.101914555393016
"2018-04-16 00:00:00",17.425223054152195,13.132203568425602
"2018-04-17 00:00:00",17.465704985611055,13.089498968443202
"2018-04-18 00:00:00",17.506882480906317,12.804356135070968
"2018-04-19 00:00:00",17.551439917869157,12.65650010756605
"2018-04-20 00:00:00",17.600070284314118,12.634983235809056
"2018-04-22 00:00:00",17.652794043906276,13.007341439107226
"2018-04-24 00:00:00",17.84928092345944,12.826789801499876
"2018-04-25 00:00:00",17.806639883938228,12.767955591128818
"2018-04-26 00:00:00",17.860426798081512,13.03755615134502
"2018-04-27 00:00:00",17.916962969216492,12.812440039019481
"2018-04-28 00:00:00",17.975205052569624,12.761520048718488
"2018-04-29 00:00:00",18.033335662809773,12.806544512561107
"2018-04-30 00:00:00",18.090390353586418,12.823068326878746
"2018-05-01 00:00:00",18.18755200645209,12.561192715974547
"2018-05-02 00:00:00",18.245558828621977,12.264045769510012
"2018-05-03 00:00:00",18.310387504672068,12.381591002344267
"2018-05-04 00:00:00",18.379622683358324,12.637576191754725
"2018-05-05 00:00:00",18.451809307410606,12.753630333928625
"2018-05-06 00:00:00",18.520210427275092,12.934931486979183
"2018-05-07 00:00:00",18.6263117850772,13.226929407387955
"2018-05-08 00:00:00",18.67762266400516,13.23103231422353
"2018-05-09 00:00:00",18.72864004994713,12.786899208932617
"2018-05-10 00:00:00",18.779234074903275,12.849953809844324
"2018-05-11 00:00:00",18.822411061969685,12.82942220674052
"2018-05-12 00:00:00",18.863401228484772,13.004479972839144
"2018-05-13 00:00:00",18.95041971589094,13.179542687703265
"2018-05-14 00:00:00",18.996311286771675,12.905044958412917
"2018-05-15 00:00:00",19.04195315292935,12.545490423635842
"2018-05-16 00:00:00",19.08551559837134,12.506834842866
"2018-05-17 00:00:00",19.12797987852662,12.48421048364919
"2018-05-18 00:00:00",19.16820909713759,12.510044665638166
"2018-05-19 00:00:00",19.251137496810554,12.19668453075773
"2018-05-20 00:00:00",19.29560244204303,12.32544611393654
"2018-05-21 00:00:00",19.338625823698262,12.602838831547905
"2018-05-22 00:00:00",19.377691218691595,12.566503580883449
"2018-05-23 00:00:00",19.409713758303912,12.223508403039787
"2018-05-24 00:00:00",19.439785120721325,12.165027683083173
"2018-05-25 00:00:00",19.511927804851908,11.816516947122095
"2018-05-26 00:00:00",19.54322222496914,12.018790725537595
"2018-05-27 00:00:00",19.571678431650607,12.046288171771108
"2018-05-28 00:00:00",19.595435125480552,11.932848448243584
"2018-05-29 00:00:00",19.621528177035916,11.856234763509198
"2018-05-30 00:00:00",19.648332676505635,11.64137358961248
"2018-05-31 00:00:00",19.71911124045199,11.913945875825021
"2018-06-01 00:00:00",19.747087416431963,11.618356198462553
"2018-06-02 00:00:00",19.776198049322712,11.670459217887089
"2018-06-03 00:00:00",19.80761000780618,11.73514841074265
"2018-06-04 00:00:00",19.836642877095414,11.569808389311035
"2018-06-05 00:00:00",19.86591376716772,11.886280962331947
"2018-06-06 00:00:00",19.895517636112732,11.585607373559217
"2018-06-07 00:00:00",19.968549804708,11.524827213510338
"2018-06-08 00:00:00",19.997413796002853,11.621801975474419
"2018-06-09 00:00:00",20.025866648766403,12.067416125106673
"2018-06-10 00:00:00",20.048901855873908,12.067885757704863
"2018-06-11 00:00:00",20.11372660340107,11.721287292573033
"2018-06-12 00:00:00",20.133024178535873,12.139283328614594
"2018-06-13 00:00:00",20.191771750987808,12.037512714787436
"2018-06-14 00:00:00",20.25092763379781,12.094181996602346
"2018-06-15 00:00:00",20.26534975714538,12.006859812819847
"2018-06-16 00:00:00",20.321414571497858,12.124483200116307
"2018-06-17 00:00:00",20.377617674920078,12.310447417562504
"2018-06-18 00:00:00",20.432197931827172,12.576492583741965
"2018-06-19 00:00:00",20.488217191198395,12.688716269206086
"2018-06-20 00:00:00",20.503207312068316,12.541180208566155
"2018-06-21 00:00:00",20.560172015428687,12.709877434859582
"2018-06-22 00:00:00",20.6122729146463,12.598697923522748
"2018-06-23 00:00:00",20.663536144342093,12.575377345945546
"2018-06-24 00:00:00",20.708009955947617,12.886911211940182
"2018-06-25 00:00:00",20.71968719175629,12.545540728643404
"2018-06-26 00:00:00",20.767595500401907,12.365795954640497
"2018-06-27 00:00:00",20.80839561525202,12.850840161409836
"2018-06-28 00:00:00",20.842440277350093,12.68060069591518
"2018-06-29 00:00:00",20.83743501031668,12.432353943737237
"2018-06-30 00:00:00",20.86448278337985,12.715888433167827
"2018-07-01 00:00:00",20.8982359178811,12.534711309828454
"2018-07-02 00:00:00",20.930941009877415,12.54926601599076
"2018-07-03 00:00:00",20.926358934038586,12.794022948936535
"2018-07-04 00:00:00",20.94922116410193,12.676221802628886
"2018-07-05 00:00:00",20.972628875755102,12.894660396900974
"2018-07-06 00:00:00",20.99133242382152,12.898325855767148
"2018-07-07 00:00:00",20.981164156978547,12.976824209908605
"2018-07-08 00:00:00",20.999230188527843,12.620480274850733
"2018-07-09 00:00:00",21.01011718583486,12.84621134138466
"2018-07-10 00:00:00",20.988731107860097,12.80979394805535
"2018-07-11 00:00:00",20.977252156343976,12.354239256656234
"2018-07-12 00:00:00",20.952266529566806,12.580286332448948
"2018-07-13 00:00:00",20.932371270457335,12.680946353954713
"2018-07-14 00:00:00",20.909421056819735,12.544477934430036
"2018-07-15 00:00:00",20.886508000027817,12.554503559046182
"2018-07-16 00:00:00",20.88320185827241,12.603858305917585
"2018-07-17 00:00:00",20.865481641162873,12.420565769970464
"2018-07-18 00:00:00",20.85149508505206,12.463906702450911
"2018-07-19 00:00:00",20.835817035912598,12.315196451548703
"2018-07-20 00:00:00",20.817412744967616,12.336799966418294
"2018-07-21 00:00:00",20.800838385480443,11.75017100999476
"2018-07-22 00:00:00",20.78711869742639,12.013628065754682
"2018-07-23 00:00:00",20.80543789019654,12.538586765134697
"2018-07-24 00:00:00",20.79210908834588,12.24791766399864
"2018-07-25 00:00:00",20.77824467822514,12.43542630380028
"2018-07-26 00:00:00",20.765912188755934,12.555300869283045
"2018-07-27 00:00:00",20.75477531942889,12.507517030433082
"2018-07-28 00:00:00",20.743183803402545,12.650882556763577
"2018-07-29 00:00:00",20.7303638129186,12.689049343048733
"2018-07-30 00:00:00",20.744343854589488,12.796198691808845
"2018-07-31 00:00:00",20.730311989907054,12.551505403069847
"2018-08-01 00:00:00",20.715781591015435,12.491141403288065
"2018-08-02 00:00:00",20.70135219454704,12.482220073291906
"2018-08-03 00:00:00",20.718721068823815,12.367793328272809
"2018-08-04 00:00:00",20.74140886101838,12.52834893732891
"2018-08-05 00:00:00",20.729963424592892,12.565611600375835
"2018-08-06 00:00:00",20.755397711735682,12.650314767300374
"2018-08-07 00:00:00",20.78471413990164,12.527475688782452
"2018-08-08 00:00:00",20.768450256618525,12.513664929659003
"2018-08-09 00:00:00",20.782513986777886,12.633205795213405
"2018-08-10 00:00:00",20.794703329311183,12.562481525488373
"2018-08-11 00:00:00",20.802990823550413,12.4098738977441
"2018-08-12 00:00:00",20.781572137667386,12.177368810818887
"2018-08-13 00:00:00",20.79326078377645,12.118179388145823
"2018-08-14 00:00:00",20.802877490408793,12.2369496931275
"2018-08-15 00:00:00",20.813700895119382,12.248910865646383
"2018-08-16 00:00:00",20.78717268068449,11.915561374607488
"2018-08-17 00:00:00",20.794253290216652,11.991340677567973
"2018-08-18 00:00:00",20.798289201125687,11.79612546925688
"2018-08-19 00:00:00",20.767582304776177,11.888534835875419
"2018-08-20 00:00:00",20.761909173021035,12.00649693385666
"2018-08-21 00:00:00",20.75115263682223,12.025500245988754
"2018-08-22 00:00:00",20.714366860989287,12.271543328589244
"2018-08-23 00:00:00",20.701423754387722,11.838958255683618
"2018-08-24 00:00:00",20.691357414910055,11.667943473153498
"2018-08-25 00:00:00",20.679743480534373,12.040703085626834
"2018-08-26 00:00:00",20.642887097426605,12.022658921600328
"2018-08-27 00:00:00",20.633425951428194,11.873732089715215
"2018-08-28 00:00:00",20.620245691366687,11.74439323079165
"2018-08-29 00:00:00",20.582830613814284,11.594740650711993
"2018-08-30 00:00:00",20.565763835342274,11.572333123663721
"2018-08-31 00:00:00",20.547279670770997,11.672281251012961
"2018-09-01 00:00:00",20.50696708801599,11.415909091268208
"2018-09-02 00:00:00",20.48168457506165,11.358187178309194
"2018-09-03 00:00:00",20.453191326751796,11.397353035323462
"2018-09-04 00:00:00",20.411912851455657,11.260283685053222
"2018-09-05 00:00:00",20.392284104897158,11.366365865385474
"2018-09-06 00:00:00",20.340102812171132,11.290199432495152
"2018-09-07 00:00:00",20.29277548353998,11.237732744418661
"2018-09-08 00:00:00",20.240604544706503,11.006106178987558
"2018-09-09 00:00:00",20.190393480980436,10.479713331421362
"2018-09-10 00:00:00",20.144008762933442,10.419863719801695
"2018-09-11 00:00:00",20.099240578984126,10.40260761817517
"2018-09-12 00:00:00",20.054466853625534,10.089270532338148
"2018-09-13 00:00:00",20.013287446036603,9.896421889959516
"2018-09-14 00:00:00",19.96417796552301,10.02659665374157
"2018-09-15 00:00:00",19.917733679550945,10.028746558736207
"2018-09-16 00:00:00",19.877813990141487,9.965431581777516
"2018-09-17 00:00:00",19.830752969417432,9.9989640977748
"2018-09-18 00:00:00",19.78047267886021,10.007201671997846
"2018-09-19 00:00:00",19.735118101968318,9.99913657204277
"2018-09-20 00:00:00",19.683827374945125,9.904493304294167
"2018-09-21 00:00:00",19.633217751084683,9.616948506384258
"2018-09-22 00:00:00",19.591022794521205,10.031353918442143
"2018-09-23 00:00:00",19.541696142090498,10.025478768077635
"2018-09-24 00:00:00",19.49060071047833,10.027090531039178
"2018-09-25 00:00:00",19.444407518913327,9.840952555662787
"2018-09-26 00:00:00",19.389763379293388,9.971129027157085
"2018-09-27 00:00:00",19.335181544853896,9.972073956084339
"2018-09-28 00:00:00",19.28988027689108,9.89161751061753
"2018-09-29 00:00:00",19.227792614320954,9.787528358987842
"2018-09-30 00:00:00",19.166678666214047,9.668985967002287
"2018-10-01 00:00:00",19.121437937046764,9.6796921741082
"2018-10-02 00:00:00",19.074997968429148,9.52185090580366
"2018-10-03 00:00:00",19.03798681274865,9.614261429544571
"2018-10-04 00:00:00",19.008642800864077,9.511750644239124
"2018-10-05 00:00:00",18.98874896341123,9.601644909182314
"2018-10-06 00:00:00",18.963925905526818,9.509895410124534
"2018-10-07 00:00:00",18.956581257878277,9.559270209258138
"2018-10-08 00:00:00",18.958704342244527,9.626168250210757
"2018-10-09 00:00:00",18.945899045944874,9.467649649283485
"2018-10-10 00:00:00",18.959555765624142,9.406914234939274
"2018-10-11 00:00:00",18.949596909657906,9.183910525999742
"2018-10-12 00:00:00",18.9643684664424,9.203394080845474
"2018-10-13 00:00:00",18.979900428849177,9.08639492275932
"2018-10-14 00:00:00",18.969334316771757,9.005890837746321
"2018-10-15 00:00:00",18.98323241246663,9.00631978657873
"2018-10-16 00:00:00",18.97262865742731,8.816589797747554
"2018-10-17 00:00:00",18.987656686868934,8.78269321991813
"2018-10-18 00:00:00",18.99881647464447,8.82502732017763
"2018-10-19 00:00:00",18.984699542410112,8.704509758673245
"2018-10-20 00:00:00",18.99413589398633,8.617061025859027
"2018-10-21 00:00:00",19.00037093633573,8.506733787693605
"2018-10-22 00:00:00",18.98299177037833,8.301668300039015
"2018-10-23 00:00:00",18.983604427439236,8.250451865640676
"2018-10-24 00:00:00",18.961998287571028,8.314099989864431
"2018-10-25 00:00:00",18.945021108472123,8.252039076862488
"2018-10-26 00:00:00",18.924414849429713,8.10113469190934
"2018-10-27 00:00:00",18.894845347594746,8.092737583668402
"2018-10-28 00:00:00",18.87767306830472,7.98537046831778
"2018-10-29 00:00:00",18.84986706311452,7.825634637699077
"2018-10-30 00:00:00",18.8274771511383,7.94514021701599
"2018-10-31 00:00:00",18.94483456908718,7.9397204016680005
"2018-11-01 00:00:00",19.09462195590061,7.779999679781339
"2018-11-02 00:00:00",19.293462296273294,7.555102108707738
"2018-11-03 00:00:00",19.18967355465838,7.520983671093668
"2018-11-04 00:00:00",19.760924774404764,7.495136423133455
"2018-11-05 00:00:00",19.843950218196138,7.374700053045468
"2018-11-06 00:00:00",20.182628704559534,7.379177889459651
"2018-11-07 00:00:00",19.878311836744356,7.362727396179469
"2018-11-08 00:00:00",19.392213706081083,7.437819224333424
"2018-11-09 00:00:00",19.075996041103604,7.2760340043930976
"2018-11-10 00:00:00",19.033070076591596,7.182938004099786
"2018-11-11 00:00:00",18.89453057333333,7.360818114224753
"2018-11-12 00:00:00",18.86431883944445,7.182728090049077
"2018-11-13 00:00:00",18.597818259130435,7.204505129526884
"2018-11-14 00:00:00",17.043154518840577,7.0947875508603975
"2018-11-15 00:00:00",15.923967874202901,7.141647856484121
"2018-11-16 00:00:00",15.842212939999998,7.118326241894694
"2018-11-17 00:00:00",15.604509998888892,6.925334307021647
"2018-11-18 00:00:00",15.698054479999996,6.837928477156402
"2018-11-19 00:00:00",13.783562981111112,6.774105492824762
"2018-11-20 00:00:00",12.175701938412699,6.579350856244417
"2018-11-21 00:00:00",12.094112417391305,6.266666798483986
"2018-11-22 00:00:00",11.66594419388889,6.1088705078102095
"2018-11-23 00:00:00",11.035526002222225,6.091655417009955
"2018-11-24 00:00:00",10.622371209444443,6.07919518361012
"2018-11-25 00:00:00",9.982292723333336,5.9693924178806865
"2018-11-26 00:00:00",9.920963919393941,5.851806579853982
"2018-11-27 00:00:00",9.638513025,5.477594574642641
"2018-11-28 00:00:00",10.334930801449277,5.123811108867455
"2018-11-29 00:00:00",9.940709628125004,5.127202416715163
"2018-11-30 00:00:00",9.587050506770831,5.080012110197022
"2018-12-01 00:00:00",9.866299245833334,5.193885197987597
"2018-12-02 00:00:00",9.756327133854166,4.998558820092733
"2018-12-03 00:00:00",9.222796295833335,4.917026180251862
"2018-12-04 00:00:00",9.248776989062502,4.979585286350087
"2018-12-05 00:00:00",8.802769268229166,4.824841444940411
"2018-12-06 00:00:00",8.093769415340908,4.833540927424569
"2018-12-07 00:00:00",7.473500084782609,4.696002445675807
"2018-12-08 00:00:00",7.577340759374998,4.547138767647739
"2018-12-09 00:00:00",7.867677306818181,4.511079088120165
"2018-12-10 00:00:00",7.643678259782609,4.5761080637706915
"2018-12-11 00:00:00",7.422672856521738,4.517164174119586
"2018-12-12 00:00:00",7.588253592934781,4.3536502972169995
"2018-12-13 00:00:00",7.415594260326086,4.2503557094315205
"2018-12-14 00:00:00",7.131472907291667,4.195286736133573
"2018-12-15 00:00:00",7.075602785869564,4.155965063340299
"2018-12-16 00:00:00",7.285014256250001,4.12033562729962
"2018-12-17 00:00:00",7.699212390760869,4.025205546874295
"2018-12-18 00:00:00",8.150349660937499,3.926169958549327
"2018-12-19 00:00:00",8.7118892953125,3.913391031826124
"2018-12-20 00:00:00",9.347979178125,3.8909219058379296
"2018-12-21 00:00:00",9.45529377604167,3.9119983137141885
"2018-12-22 00:00:00",9.685728185937501,3.872095372562475
"2018-12-23 00:00:00",9.64,3.897950432174196
"2018-12-24 00:00:00",9.62040561315789,4.029826107145933
"2018-12-25 00:00:00",9.208218620614035,4.129389331401942
"2018-12-26 00:00:00",9.244172351315791,4.2079218450817155
"2018-12-27 00:00:00",8.62854200877193,4.125223774146434
"2018-12-28 00:00:00",9.157394589912283,4.046417373081631
"2018-12-29 00:00:00",9.786570155701755,3.989282276050756
"2018-12-30 00:00:00",9.827559174122806,4.067351272024887
"2018-12-31 00:00:00",9.629062779385963,4.026182114145654
"2019-01-01 00:00:00",9.771670409649124,3.8752515584358824
"2019-01-02 00:00:00",10.282541709824562,3.8535551456607133
"2019-01-03 00:00:00",10.151170724583334,3.945494194999894
"2019-01-04 00:00:00",10.356974178333333,3.9038371947925206
"2019-01-05 00:00:00",10.486157315833335,3.898293887860265
"2019-01-06 00:00:00",10.369674295416669,4.029130328710906
"2019-01-07 00:00:00",10.273118812727274,3.9420032722743503
"2019-01-08 00:00:00",10.148177524166668,3.9179436581734084
"2019-01-09 00:00:00",10.236085888260872,3.9289216490811523
"2019-01-10 00:00:00",8.984969803333334,3.8777714692522935
"2019-01-11 00:00:00",8.772232488260869,3.871707761267768
"2019-01-12 00:00:00",8.757458659166666,3.7839920166758074
"2019-01-13 00:00:00",8.514729752083333,3.7125169442421178
"2019-01-14 00:00:00",8.491483500416669,3.7489478571223485
"2019-01-15 00:00:00",8.45881007125,3.8147607199054443
"2019-01-16 00:00:00",8.274098882083335,3.6776550365531726
"2019-01-17 00:00:00",8.203464967083333,3.6133881803697876
"2019-01-18 00:00:00",8.160133506666666,3.566745939850614
"2019-01-19 00:00:00",8.3399213,3.637114438382888
"2019-01-20 00:00:00",8.102647290833332,3.651633492841783
"2019-01-21 00:00:00",7.896340308333335,3.560085241620674
"2019-01-22 00:00:00",7.939848123913044,3.5411191027749913
"2019-01-23 00:00:00",7.942387661304347,3.3546368978694656
"2019-01-24 00:00:00",7.862603870833333,3.3968819379105755
"2019-01-25 00:00:00",7.802544062499998,3.4079938012403224
"2019-01-26 00:00:00",7.845316045416669,3.291755796216942
"2019-01-27 00:00:00",7.707043954545455,3.2075789963003563
"2019-01-28 00:00:00",7.098794305217392,3.0458723269041936
"2019-01-29 00:00:00",7.033095945416665,2.794971170676246
"2019-01-30 00:00:00",7.2510120679166645,2.730025739893917
"2019-01-31 00:00:00",7.239598745000001,2.7713702058111136
"2019-02-01 00:00:00",7.19937238,2.6983914049467037
"2019-02-02 00:00:00",7.265250745416668,2.6352195493417088
"2019-02-03 00:00:00",7.258145393750001,2.6191741041846486
"2019-02-04 00:00:00",7.190784416666666,2.587532547444894
"2019-02-05 00:00:00",7.138976887083332,2.5872522988582585
"2019-02-06 00:00:00",6.954909097083333,2.5489604403715838
"2019-02-07 00:00:00",7.024452033749999,2.497923677893895
"2019-02-08 00:00:00",7.446521154166668,2.5337785064090603
"2019-02-09 00:00:00",7.737141253750001,2.5159630394887493
"2019-02-10 00:00:00",7.906746573333334,2.56786907151519
"2019-02-11 00:00:00",8.116242571666666,2.500017415685757
"2019-02-12 00:00:00",8.143377185,2.5317765215572825
"2019-02-13 00:00:00",8.237788854583334,2.5055730072810043
"2019-02-14 00:00:00",8.188163283749999,2.440499849403107
"2019-02-15 00:00:00",8.22668324291667,2.38319964228404
"2019-02-16 00:00:00",8.297792714166668,2.4324983545449617
"2019-02-17 00:00:00",8.631016955833333,2.413367574378802
"2019-02-18 00:00:00",9.335929450000002,2.419082473493277
"2019-02-19 00:00:00",9.829471699583332,2.5155340310685093
"2019-02-20 00:00:00",9.8745375375,2.5296837742638316
"2019-02-21 00:00:00",9.844717437916666,2.508242849665334
"2019-02-22 00:00:00",9.969480709583335,2.469593740965162
"2019-02-23 00:00:00",10.238449067499998,2.5447696353552156
"2019-02-24 00:00:00",9.888916085416666,2.537468074813175
"2019-02-25 00:00:00",9.324348286666668,2.490412742474867
"2019-02-26 00:00:00",9.171807002500001,2.439156542645932
"2019-02-27 00:00:00",9.231027597083333,2.4627079472889193
"2019-02-28 00:00:00",9.125034760416668,2.4737447260563434
"2019-03-01 00:00:00",9.141595266250002,2.4043395216834567
"2019-03-02 00:00:00",9.005446645833333,2.3544275713249356
"2019-03-03 00:00:00",8.931819529583333,2.3353184442323998
"2019-03-04 00:00:00",8.534982803333333,2.3324344414252463
"2019-03-05 00:00:00",8.990424699999998,2.3381969117789
"2019-03-06 00:00:00",9.28985655791667,2.361934880866621
"2019-03-07 00:00:00",9.283058917916664,2.3725874837694594
"2019-03-08 00:00:00",9.191780315416667,2.360800354344375
"2019-03-09 00:00:00",9.270079057916666,2.3290159246386533
"2019-03-10 00:00:00",9.194857435000001,2.3376860203789507
"2019-03-11 00:00:00",9.01797892083333,2.3461708890811352
"2019-03-12 00:00:00",8.950002518749999,2.2951460417489513
"2019-03-13 00:00:00",8.876934879166665,2.2664676370722727
"2019-03-14 00:00:00",8.914923336666664,2.2982609396981815
"2019-03-15 00:00:00",9.087316715,2.3020102781487313
"2019-03-16 00:00:00",9.362912675294115,2.3532404852780604
"2019-03-17 00:00:00",9.293241389166665,2.3591179250079866
"2019-03-18 00:00:00",9.320459924166666,2.3199226733322837
"2019-03-19 00:00:00",9.306193272499998,2.246994378157416
"2019-03-20 00:00:00",9.290416032916665,2.2996666486490875
"2019-03-21 00:00:00",9.1960043625,2.292126937477136
"2019-03-22 00:00:00",9.195360964583331,2.2913196501553177
"2019-03-23 00:00:00",9.221180807083334,2.277447903389237
"2019-03-24 00:00:00",9.180059280833333,2.2963593328002085
"2019-03-25 00:00:00",9.112670329166669,2.285225201245389
"2019-03-26 00:00:00",9.064051815833334,2.230230801433924
"2019-03-27 00:00:00",9.280093690416665,2.1695932523227133
"2019-03-28 00:00:00",9.287115120416667,2.207027561911087
"2019-03-29 00:00:00",9.429641775833332,2.203360775606028
"2019-03-30 00:00:00",9.513815023333335,2.1499086017661195
"2019-03-31 00:00:00",9.436439415833334,2.1557921805437195
"2019-04-01 00:00:00",9.493617920416666,2.222743471067038
"2019-04-02 00:00:00",9.535934289583333,2.2240394772357415
"2019-04-03 00:00:00",9.477009867916667,2.2153363430059896
"2019-04-04 00:00:00",9.37408539125,2.2296418124500783
"2019-04-05 00:00:00",9.319593113333333,2.25372681906287
"2019-04-06 00:00:00",9.224542702916668,2.2865915435868858
"2019-04-07 00:00:00",9.175281195416668,2.265212679689197
"2019-04-08 00:00:00",9.07559400875,2.2603941252792796
"2019-04-09 00:00:00",9.019584085416664,2.301088797192668
"2019-04-10 00:00:00",8.912689138333333,2.3177900261180024
"2019-04-11 00:00:00",8.85461608375,2.3459332449718784
"2019-04-12 00:00:00",8.797071321666666,2.3323998107768653
"2019-04-13 00:00:00",8.685095345,2.3572998641753364
"2019-04-14 00:00:00",8.62575394958333,2.3945527588195814
"2019-04-15 00:00:00",8.526786287916668,2.388132572269488
"2019-04-16 00:00:00",8.475465965,2.3516378351274674
"2019-04-17 00:00:00",8.378957625833332,2.325991323584424
"2019-04-18 00:00:00",8.32674546125,2.3052507894131926
"2019-04-19 00:00:00",8.215886894999999,2.325452831683888
"2019-04-20 00:00:00",8.156241803333334,2.3467388482272953
"2019-04-21 00:00:00",8.0493488575,2.318988462459559
"2019-04-22 00:00:00",7.994293877499999,2.361126667294585
"2019-04-23 00:00:00",7.888898233333333,2.3440359878637493
"2019-04-24 00:00:00",7.83122436375,2.298302004235987
"2019-04-25 00:00:00",7.71907574625,2.280388211249288
"2019-04-26 00:00:00",7.661144295000002,2.2902189819825214
"2019-04-27 00:00:00",7.603517376666667,2.360364606630011
"2019-04-28 00:00:00",7.49500686375,2.3437691721395164
"2019-04-29 00:00:00",7.442640153333333,2.3669059077664936
"2019-04-30 00:00:00",7.34975396083333,2.391203732088172
"2019-05-01 00:00:00",7.302497829166666,2.3719952249245577
"2019-05-02 00:00:00",7.212498373750002,2.3729454887993824
"2019-05-03 00:00:00",7.167475074583333,2.3506412970562844
"2019-05-04 00:00:00",7.086458393333333,2.3911664971392685
"2019-05-05 00:00:00",7.048826025000001,2.4241623205689264
"2019-05-06 00:00:00",7.014159144583334,2.3711948794036006
"2019-05-07 00:00:00",6.956377652083333,2.39897148574145
"2019-05-08 00:00:00",6.930264979583332,2.3855440002692063
"2019-05-09 00:00:00",6.88707237625,2.393360361323109
"2019-05-10 00:00:00",6.863476548333334,2.3754236798048356
"2019-05-11 00:00:00",6.814389705833332,2.400010679715408
"2019-05-12 00:00:00",6.7920955887500005,2.44790365332182
"2019-05-13 00:00:00",6.749343922499999,2.427936857839362
"2019-05-14 00:00:00",6.733595032499999,2.480173955769628
"2019-05-15 00:00:00",6.723268983750001,2.517953444691333
"2019-05-16 00:00:00",6.693215096666665,2.515779408268429
"2019-05-17 00:00:00",6.725999860416667,2.5937606254553196
"2019-05-18 00:00:00",6.82327170875,2.6762426894148037
"2019-05-19 00:00:00",6.934124158636364,2.6245095264835046
"2019-05-20 00:00:00",7.061005808750001,2.5868476427416036
"2019-05-21 00:00:00",7.238378374166666,2.542054772542115
"2019-05-22 00:00:00",7.3691917975,2.527007504520596
"2019-05-23 00:00:00",7.377184572916668,2.526249848524329
"2019-05-24 00:00:00",7.34642654,2.5032263231613268
"2019-05-25 00:00:00",7.316274577500001,2.5095065491946413
"2019-05-26 00:00:00",7.248052894583332,2.5058372696073232
"2019-05-27 00:00:00",7.227240413333331,2.5644381880332374
"2019-05-28 00:00:00",7.176385180833333,2.5250262117313063
"2019-05-29 00:00:00",7.16318626,2.6153146591943264
"2019-05-30 00:00:00",7.126852902083333,2.656767347354629
"2019-05-31 00:00:00",7.121000362083333,2.6116098102196883
"2019-06-01 00:00:00",7.112725106666663,2.6251082575324496
"2019-06-02 00:00:00",7.104235899999998,2.644707291924238
"2019-06-03 00:00:00",7.11568557,2.545789470547405
"2019-06-04 00:00:00",7.125002694999998,2.5548490774204398
"2019-06-05 00:00:00",7.155283552499999,2.515847827075784
"2019-06-06 00:00:00",7.184635595416668,2.5813169165747465
"2019-06-07 00:00:00",7.210884745416666,2.600144554579919
"2019-06-08 00:00:00",7.2198629474999985,2.5589130323150724
"2019-06-09 00:00:00",7.249688441250001,2.5086809659285945
"2019-06-10 00:00:00",7.219531327083334,2.509255816235302
"2019-06-11 00:00:00",7.208412607916667,2.5073239242991967
"2019-06-12 00:00:00",7.175748727916665,2.5111733562564793
"2019-06-13 00:00:00",7.1648723258333336,2.471111948159832
"2019-06-14 00:00:00",7.133656763333334,2.480215491057817
"2019-06-15 00:00:00",7.126970728333332,2.5161009237853085
"2019-06-16 00:00:00",7.1033228091666665,2.4670273637341316
"2019-06-17 00:00:00",7.097936254166665,2.432468483701849
"2019-06-18 00:00:00",7.074106475833333,2.493194651385427
"2019-06-19 00:00:00",7.06816760173913,2.5425743061802746
"2019-06-20 00:00:00",7.040658035652172,2.5109974997120115
"2019-06-21 00:00:00",7.0377381475,2.5142021468160407
"2019-06-22 00:00:00",7.016778338333332,2.4782637434002113
"2019-06-23 00:00:00",7.01465300625,2.524590255123972
"2019-06-24 00:00:00",6.993731334999999,2.5756724818847783
"2019-06-25 00:00:00",6.99832535375,2.5927370119168227
"2019-06-26 00:00:00",7.00127324625,2.7012633980547727
"2019-06-27 00:00:00",7.012039218333334,2.6847121630969473
"2019-06-28 00:00:00",7.018949635416667,2.6380575847259515
"2019-06-29 00:00:00",7.033450889583334,2.705098921452265
"2019-06-30 00:00:00",7.0429964595833345,2.719105591237782
"2019-07-01 00:00:00",7.051765077500001,2.698711878209456
"2019-07-02 00:00:00",7.050792009130435,2.71960585545137
"2019-07-03 00:00:00",7.0611108666666675,2.6736637040246
"2019-07-04 00:00:00",7.065069752916668,2.630562821784609
"2019-07-05 00:00:00",7.074163102916668,2.6514434041241537
"2019-07-06 00:00:00",7.069776981666666,2.667273899397436
"2019-07-07 00:00:00",7.0757649108333345,2.688051108579749
"2019-07-08 00:00:00",7.078799941250001,2.6560424968817893
"2019-07-09 00:00:00",7.091197257916666,2.698624219402066
"2019-07-10 00:00:00",7.093363665416665,2.72888919977771
"2019-07-11 00:00:00",7.098556965833332,2.7750927770184077
"2019-07-12 00:00:00",7.095415029999999,2.797991436670453
"2019-07-13 00:00:00",7.100858802083334,2.782790698268964
"2019-07-14 00:00:00",7.096400241666665,2.821716027970933
"2019-07-15 00:00:00",7.0967058029166665,2.8141193844258905
"2019-07-16 00:00:00",7.094578427499999,2.7363358017277184
"2019-07-17 00:00:00",7.1062863175,2.7739821541200045
"2019-07-18 00:00:00",7.1125161683333324,2.7762400625666945
"2019-07-19 00:00:00",7.1254886016666665,2.7400920432172486
"2019-07-20 00:00:00",7.13946887125,2.754981623684235
"2019-07-21 00:00:00",7.13923609375,2.7619859731990326
"2019-07-22 00:00:00",7.138347570833333,2.6992964521915006
"2019-07-23 00:00:00",7.1294160145833345,2.737920028316734
"2019-07-24 00:00:00",7.126934104583334,2.7429752689857727
"2019-07-25 00:00:00",7.119125829166667,2.7523696951446173
"2019-07-26 00:00:00",7.1216446612499995,2.7126597914910797
"2019-07-27 00:00:00",7.12009193,2.7785581199639124
"2019-07-28 00:00:00",7.121271652083332,2.7876551684423436
"2019-07-29 00:00:00",7.11619981125,2.759393674432632
"2019-07-30 00:00:00",7.116236708333333,2.7957214327547497
"2019-07-31 00:00:00",7.117490767916666,2.7753268973814365
"2019-08-01 00:00:00",7.114745265,2.7226537531841664
"2019-08-02 00:00:00",7.116343102083333,2.724164022536734
"2019-08-03 00:00:00",7.1148769891666666,2.777198853229681
"2019-08-04 00:00:00",7.117185766249999,2.826408423676299
"2019-08-05 00:00:00",7.117318080833333,2.849892240543915
"2019-08-06 00:00:00",7.1208533720833325,2.8553411633537555
"2019-08-07 00:00:00",7.120678945000001,2.8539499843985787
"2019-08-08 00:00:00",7.124206232500001,2.8884466007475336
"2019-08-09 00:00:00",7.123030036666667,2.8497697920002905
"2019-08-10 00:00:00",7.124030117083334,2.869585500839253
"2019-08-11 00:00:00",7.121582375416666,2.871943573003096
"2019-08-12 00:00:00",7.121962977826087,2.865605461650025
"2019-08-13 00:00:00",7.114861527083332,2.8921358664946863
"2019-08-14 00:00:00",7.112534164583333,2.852026410126669
"2019-08-15 00:00:00",7.103616223333334,2.8736710404226056
"2019-08-16 00:00:00",7.099757283750001,2.824240048450038
"2019-08-17 00:00:00",7.091372107499999,2.897042293711151
"2019-08-18 00:00:00",7.09159315173913,2.8430730705968923
"2019-08-19 00:00:00",7.094670251666666,2.828234686469237
"2019-08-20 00:00:00",7.097976150833335,2.7969469877059865
"2019-08-21 00:00:00",7.099549909565216,2.7656873155470887
"2019-08-22 00:00:00",7.110639120416668,2.718552379484297
"2019-08-23 00:00:00",7.119142929166667,2.727121776507396
"2019-08-24 00:00:00",7.135750865416665,2.763780122004519
"2019-08-25 00:00:00",7.146108736666665,2.6827779095946505
"2019-08-26 00:00:00",7.167335453333336,2.7701474603882366
"2019-08-27 00:00:00",7.1789642662499995,2.688323184691803
"2019-08-28 00:00:00",7.196966959166665,2.698909365319213
"2019-08-29 00:00:00",7.205049153333333,2.757208639503366
"2019-08-30 00:00:00",7.221993132083331,2.8136669370721537
"2019-08-31 00:00:00",7.23088565,2.783629756129093
"2019-09-01 00:00:00",7.239939632916665,2.7778136544714114
"2019-09-02 00:00:00",7.262859153333333,2.764845482996011
"2019-09-03 00:00:00",7.276308638333333,2.800459977304258
"2019-09-04 00:00:00",7.302262260000002,2.76734932761283
"2019-09-05 00:00:00",7.3145680125000005,2.7665324441169026
"2019-09-06 00:00:00",7.341031239583333,2.700845476865411
"2019-09-07 00:00:00",7.354084012916666,2.800983966817671
"2019-09-08 00:00:00",7.383413750000002,2.810127176056268
"2019-09-09 00:00:00",7.39761336347826,2.789248632312625
"2019-09-10 00:00:00",7.4110124937499995,2.796958956671855
"2019-09-11 00:00:00",7.435390246086955,2.7989801966437744
"2019-09-12 00:00:00",7.445700092173915,2.8352294216026546
"2019-09-13 00:00:00",7.466467339583332,2.886461441348906
"2019-09-14 00:00:00",7.47414599875,2.8499598618619078
"2019-09-15 00:00:00",7.490736185416665,2.870505176005018
"2019-09-16 00:00:00",7.500407632608695,2.9069659383766786
"2019-09-17 00:00:00",7.521748930416666,3.010909210911631
"2019-09-18 00:00:00",7.532984368695652,3.0286971232534743
"2019-09-19 00:00:00",7.544413197916666,3.0075307807364045
"2019-09-20 00:00:00",7.564457579583334,2.9852043130501547
"2019-09-21 00:00:00",7.574213675416666,3.0845931786728764
"2019-09-22 00:00:00",7.58847237,3.0576957089637746
"2019-09-23 00:00:00",7.596248450416666,3.068285887853104
"2019-09-24 00:00:00",7.606581272083331,3.0349067939041947
"2019-09-25 00:00:00",7.60925361826087,3.035095254390198
"2019-09-26 00:00:00",7.611427021666667,3.079217920949268
"2019-09-27 00:00:00",7.625910890416667,3.0615610054708084
"2019-09-28 00:00:00",7.632624672916667,3.070732239173944
"2019-09-29 00:00:00",7.6491183000000005,3.0319304929074584
"2019-09-30 00:00:00",7.656780592083333,3.0306534424141924
"2019-10-01 00:00:00",7.665462547391305,3.0271712906760286
"2019-10-02 00:00:00",7.684925456086956,2.974795611301245
"2019-10-03 00:00:00",7.6929343656521745,2.942102451001181
"2019-10-04 00:00:00",7.713117231666668,2.9491117494197736
"2019-10-05 00:00:00",7.722125135416668,2.9513153770776106
"2019-10-06 00:00:00",7.742494507499998,2.9728991309543455
"2019-10-07 00:00:00",7.752210839583332,2.9631432154745383
"2019-10-08 00:00:00",7.762296292916667,2.9270412218979174
"2019-10-09 00:00:00",7.787731577916667,2.8939088023099773
"2019-10-10 00:00:00",7.801515383750001,2.9553574909799027
"2019-10-11 00:00:00",7.827315261666667,3.013538971503292
"2019-10-12 00:00:00",7.838283678750002,2.9940416897334208
"2019-10-13 00:00:00",7.851164023333332,3.007758836318557
"2019-10-14 00:00:00",7.8774510575,2.9626093108490266
"2019-10-15 00:00:00",7.889566708695651,3.059290986327149
"2019-10-16 00:00:00",7.915849003478261,3.0619305117487157
"2019-10-17 00:00:00",7.926375298333334,3.0522536062035233
"2019-10-18 00:00:00",7.935673532083334,2.9587860282099956
"2019-10-19 00:00:00",7.956817008750001,3.018065888594812
"2019-10-20 00:00:00",7.965251588749999,3.0280039552057736
"2019-10-21 00:00:00",7.98592480521739,2.970559944628538
"2019-10-22 00:00:00",7.99411008125,2.9268306969259297
"2019-10-23 00:00:00",8.000496059999998,3.0190935733584707
"2019-10-24 00:00:00",8.015543030869564,2.974369839530167
"2019-10-25 00:00:00",8.019958112500001,2.9077442725238867
"2019-10-26 00:00:00",8.03397375375,2.911603813716488
"2019-10-27 00:00:00",8.039720575416668,2.8978136493007685
"2019-10-28 00:00:00",8.044764697916667,2.8715047055396368
"2019-10-29 00:00:00",8.061433231739128,2.9215901587314144
"2019-10-30 00:00:00",8.069145982608694,2.9223209367696783
"2019-10-31 00:00:00",8.076495049583334,2.9493250366749724
"2019-11-01 00:00:00",8.094659326666669,2.951172226775445
"2019-11-02 00:00:00",8.102809439166665,2.9612958036732175
"2019-11-03 00:00:00",8.123080350416666,2.913981774952197
"2019-11-04 00:00:00",8.131554563749999,2.8913711922376844
"2019-11-05 00:00:00",8.139787741666666,2.8969815473402467
"2019-11-06 00:00:00",8.159304710869563,2.967632285207974
"2019-11-07 00:00:00",8.167432249166668,2.945933744768281
"2019-11-08 00:00:00",8.186694360869565,2.9064412359961413
"2019-11-09 00:00:00",8.19525148695652,2.891986338492259
"2019-11-10 00:00:00",8.204633770416665,2.9212982408644668
"2019-11-11 00:00:00",8.224978309583335,2.8754074168412296
"2019-11-12 00:00:00",8.232714993333333,2.9125120045460324
"2019-11-13 00:00:00",8.240867614782607,2.956466453162394
"2019-11-14 00:00:00",8.259613978333332,2.9303495433290077
"2019-11-15 00:00:00",8.266785029565218,2.8822279980204355
"2019-11-16 00:00:00",8.285915890416666,2.8505611386168437
"2019-11-17 00:00:00",8.293764481666667,2.8849815777447643
"2019-11-18 00:00:00",8.301165163333334,2.945206611927482
"2019-11-19 00:00:00",8.31994744375,2.7885351245255943
"2019-11-20 00:00:00",8.326245081666668,2.704061577350034
"2019-11-21 00:00:00",8.330769930833334,2.822879674503687
"2019-11-22 00:00:00",8.34368541875,2.814291364589091
"2019-11-23 00:00:00",8.345461085,2.7902799311695414
"2019-11-24 00:00:00",8.3461788425,2.8376121850876266
"2019-11-25 00:00:00",8.35157664125,2.8945398829883398
"2019-11-26 00:00:00",8.348993409130435,2.6677999761761777
"2019-11-27 00:00:00",8.353453879166667,2.716824048106858
"2019-11-28 00:00:00",8.350289107826086,2.750841705116039
"2019-11-29 00:00:00",8.3461130325,2.7530996148657474
"2019-11-30 00:00:00",8.347413141739128,2.7517525155906064
"2019-12-01 00:00:00",8.344618772500002,2.7379032937056147
"2019-12-02 00:00:00",8.341817516250003,2.7008589497282403
"2019-12-03 00:00:00",8.346094292916668,2.7852584584044835
"2019-12-04 00:00:00",8.343124192916667,2.7736647888179466
"2019-12-05 00:00:00",8.34013702,2.719698250222726
"2019-12-06 00:00:00",8.342696492916664,2.705045331585343
"2019-12-07 00:00:00",8.338369834583334,2.76660668021663
"2019-12-08 00:00:00",8.334169275416665,2.687938010535805
"2019-12-09 00:00:00",8.336616268333334,2.7006317185758704
"2019-12-10 00:00:00",8.331874087083332,2.776033911077019
"2019-12-11 00:00:00",8.336071174583333,2.739443590499529
"2019-12-12 00:00:00",8.334142293333333,2.7183762608775464
"2019-12-13 00:00:00",8.331857294166669,2.755232373669531
"2019-12-14 00:00:00",8.337805009583333,2.797406494641267
"2019-12-15 00:00:00",8.334522763333332,2.746718521002989
"2019-12-16 00:00:00",8.330094897391305,2.7338078087488116
"2019-12-17 00:00:00",8.302123987826088,2.6221627213308465
"2019-12-18 00:00:00",8.26876676,2.5121437138281215
"2019-12-19 00:00:00",8.31795737875,2.485702567178493
"2019-12-20 00:00:00",8.31582239826087,2.4198710538786616
"2019-12-21 00:00:00",8.308167273913043,2.438886392699895
"2019-12-22 00:00:00",8.301260642608694,2.4428022174244477
"2019-12-23 00:00:00",8.296544250833334,2.451858150828984
"2019-12-24 00:00:00",8.285365985,2.4320748287430387
"2019-12-25 00:00:00",8.27273037875,2.392031409719354
"2019-12-26 00:00:00",8.251318922500001,2.3735232341099834
"2019-12-27 00:00:00",8.227341846666667,2.3929744250592218
"2019-12-28 00:00:00",8.207880342083334,2.4295520570061355
"2019-12-29 00:00:00",8.179428543333332,2.4531103200734417
"2019-12-30 00:00:00",8.158265942083334,2.4359623445911356
"2019-12-31 00:00:00",8.135936907500001,2.4029785979429814
"2020-01-01 00:00:00",8.107113681666666,2.3447087111201355
"2020-01-02 00:00:00",8.085017570833331,2.402172893910946
"2020-01-03 00:00:00",8.063424533749997,2.4533830169752386
"2020-01-04 00:00:00",8.028726462916667,2.588075212718851
"2020-01-05 00:00:00",8.004483209166667,2.561763207123524
"2020-01-06 00:00:00",7.9811835804166655,2.5442492265850567
"2020-01-07 00:00:00",7.94628431333333,2.628107806594987
"2020-01-08 00:00:00",7.923424557083334,2.592140068122727
"2020-01-09 00:00:00",7.899566399166667,2.5137281971803658
"2020-01-10 00:00:00",7.869018510434782,2.585356902324597
"2020-01-11 00:00:00",7.850572263749999,2.6242182584576113
"2020-01-12 00:00:00",7.832296681666667,2.6029733497164744
"2020-01-13 00:00:00",7.803509480434783,2.5972083999461275
"2020-01-14 00:00:00",7.7890272886956495,2.5950618479408383
"2020-01-15 00:00:00",7.774734731666666,2.635575813300312
"2020-01-16 00:00:00",7.7485453217391305,2.6219391691415552
"2020-01-17 00:00:00",7.732160305416667,2.615046925919141
"2020-01-18 00:00:00",7.716391074583336,2.5905781845651394
"2020-01-19 00:00:00",7.6832125962500015,2.5861046688670477
"2020-01-20 00:00:00",7.663598869583333,2.621653663627449
"2020-01-21 00:00:00",7.645289306956522,2.6228347632930205
"2020-01-22 00:00:00",7.626635687916667,2.6134234547617785
"2020-01-23 00:00:00",7.587442993333332,2.6113658354348885
"2020-01-24 00:00:00",7.559856214166667,2.65053918347743
"2020-01-25 00:00:00",7.53195970375,2.609227808750971
"2020-01-26 00:00:00",7.481389287391305,2.5963803098630986
"2020-01-27 00:00:00",7.451078089166667,2.5988282111688834
"2020-01-28 00:00:00",7.4251139426086965,2.567281275830589
"2020-01-29 00:00:00",7.3777851725,2.5876960982875965
"2020-01-30 00:00:00",7.354442216249997,2.5718241495226613
"2020-01-31 00:00:00",7.3336509420833345,2.569139211308141
"2020-02-01 00:00:00",7.2924706891666675,2.560829692787922
"2020-02-02 00:00:00",7.272950707916667,2.5910011277717024
"2020-02-03 00:00:00",7.253974997083335,2.6066712257821374
"2020-02-04 00:00:00",7.234338092173913,2.639851368941239
"2020-02-05 00:00:00",7.1909518141666675,2.633150347788811
"2020-02-06 00:00:00",7.172059581666665,2.602517974244842
"2020-02-07 00:00:00",7.157555417083334,2.6030000971573504
"2020-02-08 00:00:00",7.16637091125,2.6556980491228876
"2020-02-09 00:00:00",7.175668250416666,2.643475291867637
"2020-02-10 00:00:00",7.166279084166667,2.643118667955082
"2020-02-11 00:00:00",7.176200842500001,2.6816990498678166
"2020-02-12 00:00:00",7.173649785833331,2.6946022662207465
"2020-02-13 00:00:00",7.224930324583333,2.7388237492693093
"2020-02-14 00:00:00",7.3110745249999995,2.74612043844971
"2020-02-15 00:00:00",7.3680587454166675,2.7541982774128546
"2020-02-16 00:00:00",7.439922361249999,2.7687714730925035
"2020-02-17 00:00:00",7.508777246666667,2.8019057987460627
"2020-02-18 00:00:00",7.524008910833332,2.7878207770867633
"2020-02-19 00:00:00",7.559566489166667,2.8768853738556217
"2020-02-20 00:00:00",7.5714530162500004,2.8451359766156674
"2020-02-21 00:00:00",7.647920451818184,2.7862555638582673
"2020-02-22 00:00:00",7.6997393791304365,2.8467344716597403
"2020-02-23 00:00:00",7.732357803749999,2.8313251601309037
"2020-02-24 00:00:00",7.779146085416669,2.873543414735242
"2020-02-25 00:00:00",7.8245942256521746,2.8163481080272557
"2020-02-26 00:00:00",7.84241010409091,2.8135522697551765
"2020-02-27 00:00:00",7.906829000416667,2.9080212778590306
"2020-02-28 00:00:00",7.953733472916667,2.866308968281159
"2020-02-29 00:00:00",8.00343882304348,2.8784726963584397
"2020-03-01 00:00:00",8.047971075416667,2.845085189981081
"2020-03-02 00:00:00",8.080211742083332,2.7975988133493574
"2020-03-03 00:00:00",8.078149922083332,2.829034527347632
"2020-03-04 00:00:00",8.074460912500001,2.856458790785871
"2020-03-05 00:00:00",8.071499690416667,2.871054708722517
"2020-03-06 00:00:00",8.05945403304348,2.793307472502861
"2020-03-07 00:00:00",8.055333724166664,2.848731826354797
"2020-03-08 00:00:00",8.047982734166668,2.895538224654728
"2020-03-09 00:00:00",8.0377085,2.8728350060716763
"2020-03-10 00:00:00",8.037924007916667,2.8718628079893103
"2020-03-11 00:00:00",8.037075667500003,2.8317596504239777
"2020-03-12 00:00:00",7.923093746190474,2.8394472904726746
"2020-03-13 00:00:00",8.102217145,2.7897883541067596
"2020-03-14 00:00:00",8.080887814166667,2.710276188289392
"2020-03-15 00:00:00",8.004424745652175,2.735508820956185
"2020-03-16 00:00:00",7.468042412083332,2.7462654938092124
"2020-03-17 00:00:00",7.806104680833331,2.681772728011866
"2020-03-18 00:00:00",7.732425556086958,2.729824778076702
"2020-03-19 00:00:00",7.813849254583332,2.737962876685716
"2020-03-20 00:00:00",7.7817967337499985,2.71919866688191
"2020-03-21 00:00:00",7.745543876818183,2.768237081350189
"2020-03-22 00:00:00",7.702501527083334,2.6996890863679917
"2020-03-23 00:00:00",7.669642682083332,2.6915811303991015
"2020-03-24 00:00:00",7.647516715833334,2.774997378964178
"2020-03-25 00:00:00",7.642176866250001,2.711778613941195
"2020-03-26 00:00:00",7.636825058749998,2.7676820657892596
"2020-03-27 00:00:00",7.6356000154166646,2.766464044109647
"2020-03-28 00:00:00",7.633888060833333,2.767588550237273
"2020-03-29 00:00:00",7.627678530869565,2.7922522331793047
"2020-03-30 00:00:00",7.626041540454548,2.8200757761730353
"2020-03-31 00:00:00",7.624052161363637,2.7511578015308524
"2020-04-01 00:00:00",7.627649031739132,2.724061554100472
"2020-04-02 00:00:00",7.627973023636364,2.799488110762009
"2020-04-03 00:00:00",7.628447803913042,2.7791843555093565
"2020-04-04 00:00:00",7.629133193913043,2.7381343253080983
"2020-04-05 00:00:00",7.62985997347826,2.7576368077777933
"2020-04-06 00:00:00",7.632550022916667,2.693169986910767
"2020-04-07 00:00:00",7.630579916086956,2.6970684918894037
"2020-04-08 00:00:00",7.623210227916666,2.7663406799744052
"2020-04-09 00:00:00",7.621322058260868,2.772878965966906
"2020-04-10 00:00:00",7.618252825833333,2.7989568664179414
"2020-04-11 00:00:00",7.615166547916665,2.7443997907153976
"2020-04-12 00:00:00",7.62331833375,2.8053670753484603
"2020-04-13 00:00:00",7.631570301666667,2.7710534675602787
"2020-04-14 00:00:00",7.633586199583331,2.818326374667962
"2020-04-15 00:00:00",7.640725435416669,2.8151838437647436
"2020-04-16 00:00:00",7.648996953333331,2.8171390270279404
"2020-04-17 00:00:00",7.658323069166666,2.7869956650531402
"2020-04-18 00:00:00",7.668912204166667,2.808600090551033
"2020-04-19 00:00:00",7.6736561443478255,2.736930136718068
"2020-04-20 00:00:00",7.682721594166668,2.72356661346146
"2020-04-21 00:00:00",7.691324102916666,2.7649501662553293
"2020-04-22 00:00:00",7.700884835,2.751255856028642
"2020-04-23 00:00:00",7.7058334608333325,2.8117149968353177
"2020-04-24 00:00:00",7.716465349166666,2.7651010828008276
"2020-04-25 00:00:00",7.728129805000001,2.749203689064543
"2020-04-26 00:00:00",7.739495200833335,2.7665364553908813
"2020-04-27 00:00:00",7.745055860833332,2.709055246865134
"2020-04-28 00:00:00",7.75590995625,2.713490889503665
"2020-04-29 00:00:00",7.766948993750002,2.7709668030142214
"2020-04-30 00:00:00",7.774675419166666,2.827653628027249
"2020-05-01 00:00:00",7.779520985416666,2.8659204803672838
"2020-05-02 00:00:00",7.786661350416666,2.9013750442515125
"2020-05-03 00:00:00",7.791783503333332,2.845453127072381
"2020-05-04 00:00:00",7.79749618625,2.9095531079508112
"2020-05-05 00:00:00",7.8016677108333345,2.9365032647336546
"2020-05-06 00:00:00",7.808995458750001,2.8612677361509182
"2020-05-07 00:00:00",7.816630320000001,2.7946082792255833
"2020-05-08 00:00:00",7.823473397499999,2.828159214253484
"2020-05-09 00:00:00",7.827232558750002,2.8569880780605432
"2020-05-10 00:00:00",7.831272585833333,2.7879430480761958
"2020-05-11 00:00:00",7.835130414285714,2.8222141148163913
"2020-05-12 00:00:00",7.841177825652175,2.8142915399994095
"2020-05-13 00:00:00",7.845337351250002,2.8020988447859825
"2020-05-14 00:00:00",7.853705872500001,2.8331207183145635
"2020-05-15 00:00:00",7.861669374999999,2.8770852394568935
"2020-05-16 00:00:00",7.869337870833333,2.809931943632747
"2020-05-17 00:00:00",7.873320739583332,2.8508050037479493
"2020-05-18 00:00:00",7.8819829637500005,2.8436087298463826
"2020-05-19 00:00:00",7.8885983574999985,2.7805341081732977
"2020-05-20 00:00:00",7.892971332916667,2.837987831194415
"2020-05-21 00:00:00",7.898871760416668,2.796331179848627
"2020-05-22 00:00:00",7.901187315416666,2.7825639193665794
"2020-05-23 00:00:00",7.900866480833333,2.8017295425406235
"2020-05-24 00:00:00",7.897210367916666,2.8509784883657914
"2020-05-25 00:00:00",7.886819354583332,2.8047356636717753
"2020-05-26 00:00:00",7.876368232916665,2.764379399401013
"2020-05-27 00:00:00",7.871622910833334,2.832844583853103
"2020-05-28 00:00:00",7.861102485652175,2.8054584530035576
"2020-05-29 00:00:00",7.8528040104166665,2.8127430125473794
"2020-05-30 00:00:00",7.844378499565217,2.8432910844534214
"2020-05-31 00:00:00",7.840755177499999,2.885160246692765
"2020-06-01 00:00:00",7.829223467083332,2.8555883191905718
"2020-06-02 00:00:00",7.818697534166666,2.8462740957579156
"2020-06-03 00:00:00",7.815690271666668,2.905208221969331
"2020-06-04 00:00:00",7.805689844166666,2.9368468516984594
"2020-06-05 00:00:00",7.799866248749999,2.8805582496174984
"2020-06-06 00:00:00",7.799569909999999,2.8983606788662266
"2020-06-07 00:00:00",7.792877732916665,2.9352134469036377
"2020-06-08 00:00:00",7.7882884145833335,2.9108363899464917
"2020-06-09 00:00:00",7.788238062916666,2.8450536297973086
"2020-06-10 00:00:00",7.78004674,2.822782074211316
"2020-06-11 00:00:00",7.7697051913043484,2.829457472873302
"2020-06-12 00:00:00",7.7657706174999985,2.8209075546700273
"2020-06-13 00:00:00",7.753600566923077,2.865942016903545
"2020-06-14 00:00:00",7.740616234999999,2.8516362309505743
"2020-06-15 00:00:00",7.720382881250001,2.85141961332227
"2020-06-16 00:00:00",7.711818916666666,2.917639789367708
"2020-06-17 00:00:00",7.689624758260869,2.858235574724225
"2020-06-18 00:00:00",7.664848126249999,2.848724341833971
"2020-06-19 00:00:00",7.656415215833333,2.8877568031024343
"2020-06-20 00:00:00",7.6346966837500005,2.9289223950733514
"2020-06-21 00:00:00",7.616758756666666,2.9154199626400925
"2020-06-22 00:00:00",7.610374767500001,2.873375923247026
"2020-06-23 00:00:00",7.5932210017391295,2.902604676173295
"2020-06-24 00:00:00",7.587269813043478,2.928446575084145
"2020-06-25 00:00:00",7.566143410833334,2.973259417234832
"2020-06-26 00:00:00",7.54442543875,3.003185786112392
"2020-06-27 00:00:00",7.539091599545455,2.9649566224018145
"2020-06-28 00:00:00",7.5238939358333345,2.895193608028938
"2020-06-29 00:00:00",7.517257320833335,2.9702259942762947
"2020-06-30 00:00:00",7.518792988095237,2.925629103528745
"2020-07-01 00:00:00",7.517341071250001,2.9033775747078936
"2020-07-02 00:00:00",7.513383466956521,2.933525381400055
"2020-07-03 00:00:00",7.51367068,2.9470367627585574
"2020-07-04 00:00:00",7.511659551666668,2.9863903597318227
"2020-07-05 00:00:00",7.509427769583335,2.9603498221351097
"2020-07-06 00:00:00",7.511457541578946,2.961825388323376
"2020-07-07 00:00:00",7.512029308260869,2.923426292130394
"2020-07-08 00:00:00",7.513276516666667,3.026805145982476
"2020-07-09 00:00:00",7.516643019565218,2.9945477674273673
"2020-07-10 00:00:00",7.515759609166667,2.966742585660391
"2020-07-11 00:00:00",7.517769760526315,2.97516152290807
"2020-07-12 00:00:00",7.514664369583333,3.0236362590261283
"2020-07-13 00:00:00",7.5114975152173935,3.0468841562230438
"2020-07-14 00:00:00",7.513640490416666,3.010376335977842
"2020-07-15 00:00:00",7.514297886249999,2.962055854312853
"2020-07-16 00:00:00",7.5138490595833325,2.9840403010058947
"2020-07-17 00:00:00",7.516787889565217,2.9326417112538
"2020-07-18 00:00:00",7.5215046954166676,2.9827426825566863
"2020-07-19 00:00:00",7.527598934999999,3.0228699299083805
"2020-07-20 00:00:00",7.533116,2.9547583634181422
"2020-07-21 00:00:00",7.537295812083332,2.8503670824443565
"2020-07-22 00:00:00",7.544774373333335,2.8359491010229534
"2020-07-23 00:00:00",7.553688382083334,2.9157420046911886
"2020-07-24 00:00:00",7.564226116250001,3.01588036358915
"2020-07-25 00:00:00",7.576428691666668,2.9767486459085877
"2020-07-26 00:00:00",7.592288432500001,3.0017309157700804
"2020-07-27 00:00:00",7.610950153684212,3.0484501869527647
"2020-07-28 00:00:00",7.631218689565219,3.1082797800000503
"2020-07-29 00:00:00",7.649468074166669,3.1435456782872206
"2020-07-30 00:00:00",7.668936208750001,3.1085573020334603
"2020-07-31 00:00:00",7.6912129575,2.9656103206927455
"2020-08-01 00:00:00",7.71506039125,3.040107198589484
"2020-08-02 00:00:00",7.740928558695652,3.133527145784092
"2020-08-03 00:00:00",7.766395847826087,3.04246598419643
"2020-08-04 00:00:00",7.793942981666668,3.0429920014915015
"2020-08-05 00:00:00",7.822304198333331,3.0594053448672134
"2020-08-06 00:00:00",7.848357327083335,3.0425218227001665
"2020-08-07 00:00:00",7.872728545833333,3.1207094796717305
"2020-08-08 00:00:00",7.895465039583333,3.1516508725026435
"2020-08-09 00:00:00",7.915579571904762,3.230335144418107
"2020-08-10 00:00:00",7.9353324521739115,3.209690406738133
"2020-08-11 00:00:00",8.006749779166666,3.15125606026248
"2020-08-12 00:00:00",8.033413839166666,3.1863895988597584